imagen;titulo;descripcion;enlace;tablero_sugerido
pinterest/img/roma.jpg;Roma: precios, mejor época y qué reservar;Roma, Italia: cuánto cuesta el viaje, la mejor época del año para ir y dónde reservar vuelo y hotel al mejor precio. Presupuesto orientativo desde 840 € por persona (vuelo + 5 noches). Guía gratuita, sin registro. #viajar #roma #viajes #italia;https://hugoibel.github.io/voyara/destinos/es/roma.html;Viajes por Europa
pinterest/img/paris.jpg;París: precios, mejor época y qué reservar;París, Francia: cuánto cuesta el viaje, la mejor época del año para ir y dónde reservar vuelo y hotel al mejor precio. Presupuesto orientativo desde 1095 € por persona (vuelo + 5 noches). Guía gratuita, sin registro. #viajar #parís #viajes #francia;https://hugoibel.github.io/voyara/destinos/es/paris.html;Viajes por Europa
pinterest/img/santorini.jpg;Santorini: precios, mejor época y qué reservar;Santorini, Grecia: cuánto cuesta el viaje, la mejor época del año para ir y dónde reservar vuelo y hotel al mejor precio. Presupuesto orientativo desde 1400 € por persona (vuelo + 5 noches). Guía gratuita, sin registro. #viajar #santorini #viajes #grecia;https://hugoibel.github.io/voyara/destinos/es/santorini.html;Viajes por Europa
pinterest/img/lisboa.jpg;Lisboa: precios, mejor época y qué reservar;Lisboa, Portugal: cuánto cuesta el viaje, la mejor época del año para ir y dónde reservar vuelo y hotel al mejor precio. Presupuesto orientativo desde 695 € por persona (vuelo + 5 noches). Guía gratuita, sin registro. #viajar #lisboa #viajes #portugal;https://hugoibel.github.io/voyara/destinos/es/lisboa.html;Viajes por Europa
pinterest/img/islandia.jpg;Reikiavik: precios, mejor época y qué reservar;Reikiavik, Islandia: cuánto cuesta el viaje, la mejor época del año para ir y dónde reservar vuelo y hotel al mejor precio. Presupuesto orientativo desde 1380 € por persona (vuelo + 5 noches). Guía gratuita, sin registro. #viajar #reikiavik #viajes #islandia;https://hugoibel.github.io/voyara/destinos/es/islandia.html;Viajes por Europa
pinterest/img/amsterdam.jpg;Ámsterdam: precios, mejor época y qué reservar;Ámsterdam, Países Bajos: cuánto cuesta el viaje, la mejor época del año para ir y dónde reservar vuelo y hotel al mejor precio. Presupuesto orientativo desde 1090 € por persona (vuelo + 5 noches). Guía gratuita, sin registro. #viajar #ámsterdam #viajes #paísesbajos;https://hugoibel.github.io/voyara/destinos/es/amsterdam.html;Viajes por Europa
pinterest/img/praga.jpg;Praga: precios, mejor época y qué reservar;Praga, Chequia: cuánto cuesta el viaje, la mejor época del año para ir y dónde reservar vuelo y hotel al mejor precio. Presupuesto orientativo desde 660 € por persona (vuelo + 5 noches). Guía gratuita, sin registro. #viajar #praga #viajes #chequia;https://hugoibel.github.io/voyara/destinos/es/praga.html;Viajes por Europa
pinterest/img/dubrovnik.jpg;Dubrovnik: precios, mejor época y qué reservar;Dubrovnik, Croacia: cuánto cuesta el viaje, la mejor época del año para ir y dónde reservar vuelo y hotel al mejor precio. Presupuesto orientativo desde 945 € por persona (vuelo + 5 noches). Guía gratuita, sin registro. #viajar #dubrovnik #viajes #croacia;https://hugoibel.github.io/voyara/destinos/es/dubrovnik.html;Viajes por Europa
pinterest/img/noruega.jpg;Fiordos noruegos: precios, mejor época y qué reservar;Fiordos noruegos, Noruega: cuánto cuesta el viaje, la mejor época del año para ir y dónde reservar vuelo y hotel al mejor precio. Presupuesto orientativo desde 1310 € por persona (vuelo + 5 noches). Guía gratuita, sin registro. #viajar #fiordosnoruegos #viajes #noruega;https://hugoibel.github.io/voyara/destinos/es/noruega.html;Viajes por Europa
pinterest/img/alpes.jpg;Alpes suizos: precios, mejor época y qué reservar;Alpes suizos, Suiza: cuánto cuesta el viaje, la mejor época del año para ir y dónde reservar vuelo y hotel al mejor precio. Presupuesto orientativo desde 1505 € por persona (vuelo + 5 noches). Guía gratuita, sin registro. #viajar #alpessuizos #viajes #suiza;https://hugoibel.github.io/voyara/destinos/es/alpes.html;Viajes por Europa
pinterest/img/londres.jpg;Londres: precios, mejor época y qué reservar;Londres, Reino Unido: cuánto cuesta el viaje, la mejor época del año para ir y dónde reservar vuelo y hotel al mejor precio. Presupuesto orientativo desde 1285 € por persona (vuelo + 5 noches). Guía gratuita, sin registro. #viajar #londres #viajes #reinounido;https://hugoibel.github.io/voyara/destinos/es/londres.html;Viajes por Europa
pinterest/img/canarias.jpg;Canarias: precios, mejor época y qué reservar;Canarias, España: cuánto cuesta el viaje, la mejor época del año para ir y dónde reservar vuelo y hotel al mejor precio. Presupuesto orientativo desde 725 € por persona (vuelo + 5 noches). Guía gratuita, sin registro. #viajar #canarias #viajes #españa;https://hugoibel.github.io/voyara/destinos/es/canarias.html;Viajes por Europa
pinterest/img/tokio.jpg;Tokio: precios, mejor época y qué reservar;Tokio, Japón: cuánto cuesta el viaje, la mejor época del año para ir y dónde reservar vuelo y hotel al mejor precio. Presupuesto orientativo desde 1570 € por persona (vuelo + 5 noches). Guía gratuita, sin registro. #viajar #tokio #viajes #japón;https://hugoibel.github.io/voyara/destinos/es/tokio.html;Viajes por Asia
pinterest/img/bali.jpg;Bali: precios, mejor época y qué reservar;Bali, Indonesia: cuánto cuesta el viaje, la mejor época del año para ir y dónde reservar vuelo y hotel al mejor precio. Presupuesto orientativo desde 1030 € por persona (vuelo + 5 noches). Guía gratuita, sin registro. #viajar #bali #viajes #indonesia;https://hugoibel.github.io/voyara/destinos/es/bali.html;Viajes por Asia
pinterest/img/bangkok.jpg;Bangkok: precios, mejor época y qué reservar;Bangkok, Tailandia: cuánto cuesta el viaje, la mejor época del año para ir y dónde reservar vuelo y hotel al mejor precio. Presupuesto orientativo desde 895 € por persona (vuelo + 5 noches). Guía gratuita, sin registro. #viajar #bangkok #viajes #tailandia;https://hugoibel.github.io/voyara/destinos/es/bangkok.html;Viajes por Asia
pinterest/img/maldivas.jpg;Maldivas: precios, mejor época y qué reservar;Maldivas, Maldivas: cuánto cuesta el viaje, la mejor época del año para ir y dónde reservar vuelo y hotel al mejor precio. Presupuesto orientativo desde 3000 € por persona (vuelo + 5 noches). Guía gratuita, sin registro. #viajar #maldivas #viajes #maldivas;https://hugoibel.github.io/voyara/destinos/es/maldivas.html;Viajes por Asia
pinterest/img/dubai.jpg;Dubái: precios, mejor época y qué reservar;Dubái, Emiratos Árabes: cuánto cuesta el viaje, la mejor época del año para ir y dónde reservar vuelo y hotel al mejor precio. Presupuesto orientativo desde 1490 € por persona (vuelo + 5 noches). Guía gratuita, sin registro. #viajar #dubái #viajes #emiratosárabes;https://hugoibel.github.io/voyara/destinos/es/dubai.html;Viajes por Asia
pinterest/img/vietnam.jpg;Vietnam: precios, mejor época y qué reservar;Vietnam, Vietnam: cuánto cuesta el viaje, la mejor época del año para ir y dónde reservar vuelo y hotel al mejor precio. Presupuesto orientativo desde 900 € por persona (vuelo + 5 noches). Guía gratuita, sin registro. #viajar #vietnam #viajes #vietnam;https://hugoibel.github.io/voyara/destinos/es/vietnam.html;Viajes por Asia
pinterest/img/kioto.jpg;Kioto: precios, mejor época y qué reservar;Kioto, Japón: cuánto cuesta el viaje, la mejor época del año para ir y dónde reservar vuelo y hotel al mejor precio. Presupuesto orientativo desde 1515 € por persona (vuelo + 5 noches). Guía gratuita, sin registro. #viajar #kioto #viajes #japón;https://hugoibel.github.io/voyara/destinos/es/kioto.html;Viajes por Asia
pinterest/img/srilanka.jpg;Sri Lanka: precios, mejor época y qué reservar;Sri Lanka, Sri Lanka: cuánto cuesta el viaje, la mejor época del año para ir y dónde reservar vuelo y hotel al mejor precio. Presupuesto orientativo desde 965 € por persona (vuelo + 5 noches). Guía gratuita, sin registro. #viajar #srilanka #viajes #srilanka;https://hugoibel.github.io/voyara/destinos/es/srilanka.html;Viajes por Asia
pinterest/img/petra.jpg;Petra: precios, mejor época y qué reservar;Petra, Jordania: cuánto cuesta el viaje, la mejor época del año para ir y dónde reservar vuelo y hotel al mejor precio. Presupuesto orientativo desde 940 € por persona (vuelo + 5 noches). Guía gratuita, sin registro. #viajar #petra #viajes #jordania;https://hugoibel.github.io/voyara/destinos/es/petra.html;Viajes por Asia
pinterest/img/india.jpg;Rajastán: precios, mejor época y qué reservar;Rajastán, India: cuánto cuesta el viaje, la mejor época del año para ir y dónde reservar vuelo y hotel al mejor precio. Presupuesto orientativo desde 880 € por persona (vuelo + 5 noches). Guía gratuita, sin registro. #viajar #rajastán #viajes #india;https://hugoibel.github.io/voyara/destinos/es/india.html;Viajes por Asia
pinterest/img/nyc.jpg;Nueva York: precios, mejor época y qué reservar;Nueva York, Estados Unidos: cuánto cuesta el viaje, la mejor época del año para ir y dónde reservar vuelo y hotel al mejor precio. Presupuesto orientativo desde 1945 € por persona (vuelo + 5 noches). Guía gratuita, sin registro. #viajar #nuevayork #viajes #estadosunidos;https://hugoibel.github.io/voyara/destinos/es/nyc.html;Viajes por América
pinterest/img/cancun.jpg;Riviera Maya: precios, mejor época y qué reservar;Riviera Maya, México: cuánto cuesta el viaje, la mejor época del año para ir y dónde reservar vuelo y hotel al mejor precio. Presupuesto orientativo desde 1305 € por persona (vuelo + 5 noches). Guía gratuita, sin registro. #viajar #rivieramaya #viajes #méxico;https://hugoibel.github.io/voyara/destinos/es/cancun.html;Viajes por América
pinterest/img/machupicchu.jpg;Machu Picchu: precios, mejor época y qué reservar;Machu Picchu, Perú: cuánto cuesta el viaje, la mejor época del año para ir y dónde reservar vuelo y hotel al mejor precio. Presupuesto orientativo desde 1295 € por persona (vuelo + 5 noches). Guía gratuita, sin registro. #viajar #machupicchu #viajes #perú;https://hugoibel.github.io/voyara/destinos/es/machupicchu.html;Viajes por América
pinterest/img/patagonia.jpg;Patagonia: precios, mejor época y qué reservar;Patagonia, Argentina: cuánto cuesta el viaje, la mejor época del año para ir y dónde reservar vuelo y hotel al mejor precio. Presupuesto orientativo desde 1625 € por persona (vuelo + 5 noches). Guía gratuita, sin registro. #viajar #patagonia #viajes #argentina;https://hugoibel.github.io/voyara/destinos/es/patagonia.html;Viajes por América
pinterest/img/rio.jpg;Río de Janeiro: precios, mejor época y qué reservar;Río de Janeiro, Brasil: cuánto cuesta el viaje, la mejor época del año para ir y dónde reservar vuelo y hotel al mejor precio. Presupuesto orientativo desde 1270 € por persona (vuelo + 5 noches). Guía gratuita, sin registro. #viajar #ríodejaneiro #viajes #brasil;https://hugoibel.github.io/voyara/destinos/es/rio.html;Viajes por América
pinterest/img/costarica.jpg;Costa Rica: precios, mejor época y qué reservar;Costa Rica, Costa Rica: cuánto cuesta el viaje, la mejor época del año para ir y dónde reservar vuelo y hotel al mejor precio. Presupuesto orientativo desde 1340 € por persona (vuelo + 5 noches). Guía gratuita, sin registro. #viajar #costarica #viajes #costarica;https://hugoibel.github.io/voyara/destinos/es/costarica.html;Viajes por América
pinterest/img/habana.jpg;La Habana: precios, mejor época y qué reservar;La Habana, Cuba: cuánto cuesta el viaje, la mejor época del año para ir y dónde reservar vuelo y hotel al mejor precio. Presupuesto orientativo desde 1040 € por persona (vuelo + 5 noches). Guía gratuita, sin registro. #viajar #lahabana #viajes #cuba;https://hugoibel.github.io/voyara/destinos/es/habana.html;Viajes por América
pinterest/img/cartagena.jpg;Cartagena: precios, mejor época y qué reservar;Cartagena, Colombia: cuánto cuesta el viaje, la mejor época del año para ir y dónde reservar vuelo y hotel al mejor precio. Presupuesto orientativo desde 1135 € por persona (vuelo + 5 noches). Guía gratuita, sin registro. #viajar #cartagena #viajes #colombia;https://hugoibel.github.io/voyara/destinos/es/cartagena.html;Viajes por América
pinterest/img/marrakech.jpg;Marrakech: precios, mejor época y qué reservar;Marrakech, Marruecos: cuánto cuesta el viaje, la mejor época del año para ir y dónde reservar vuelo y hotel al mejor precio. Presupuesto orientativo desde 605 € por persona (vuelo + 5 noches). Guía gratuita, sin registro. #viajar #marrakech #viajes #marruecos;https://hugoibel.github.io/voyara/destinos/es/marrakech.html;Viajes por África
pinterest/img/egipto.jpg;El Cairo y Nilo: precios, mejor época y qué reservar;El Cairo y Nilo, Egipto: cuánto cuesta el viaje, la mejor época del año para ir y dónde reservar vuelo y hotel al mejor precio. Presupuesto orientativo desde 895 € por persona (vuelo + 5 noches). Guía gratuita, sin registro. #viajar #elcairoynilo #viajes #egipto;https://hugoibel.github.io/voyara/destinos/es/egipto.html;Viajes por África
pinterest/img/safari.jpg;Serengueti: precios, mejor época y qué reservar;Serengueti, Tanzania: cuánto cuesta el viaje, la mejor época del año para ir y dónde reservar vuelo y hotel al mejor precio. Presupuesto orientativo desde 2330 € por persona (vuelo + 5 noches). Guía gratuita, sin registro. #viajar #serengueti #viajes #tanzania;https://hugoibel.github.io/voyara/destinos/es/safari.html;Viajes por África
pinterest/img/ciudadcabo.jpg;Ciudad del Cabo: precios, mejor época y qué reservar;Ciudad del Cabo, Sudáfrica: cuánto cuesta el viaje, la mejor época del año para ir y dónde reservar vuelo y hotel al mejor precio. Presupuesto orientativo desde 1290 € por persona (vuelo + 5 noches). Guía gratuita, sin registro. #viajar #ciudaddelcabo #viajes #sudáfrica;https://hugoibel.github.io/voyara/destinos/es/ciudadcabo.html;Viajes por África
pinterest/img/sidney.jpg;Sídney: precios, mejor época y qué reservar;Sídney, Australia: cuánto cuesta el viaje, la mejor época del año para ir y dónde reservar vuelo y hotel al mejor precio. Presupuesto orientativo desde 2250 € por persona (vuelo + 5 noches). Guía gratuita, sin registro. #viajar #sídney #viajes #australia;https://hugoibel.github.io/voyara/destinos/es/sidney.html;Viajes por Oceanía
pinterest/img/nuevazelanda.jpg;Nueva Zelanda: precios, mejor época y qué reservar;Nueva Zelanda, Nueva Zelanda: cuánto cuesta el viaje, la mejor época del año para ir y dónde reservar vuelo y hotel al mejor precio. Presupuesto orientativo desde 2225 € por persona (vuelo + 5 noches). Guía gratuita, sin registro. #viajar #nuevazelanda #viajes #nuevazelanda;https://hugoibel.github.io/voyara/destinos/es/nuevazelanda.html;Viajes por Oceanía
